,Name,Category,Year,Link,Name_right,Profession,Birth Info,Description,Birthplace,Birthdate,Age,Pronouns
0,George W. Bush ,LEADERS,2004,"www.content.time.com/time/specials/packages/article/0,28804,1970858_1970888_1971022,00.html",George W. Bush,43rd U.S. President,"Born: July 6, 1946 (age 74 years), New Haven, CT","George Walker Bush is an American politician and businessman who served as the 43rd president of the United States from 2001 to 2009. A member of the Republican Party, he had previously served as the 46th governor of Texas from 1995 to 2000. ","New Haven, CT","July 6, 1946",74,he
1,Hu Jintao ,LEADERS,2004,"www.content.time.com/time/specials/packages/article/0,28804,1970858_1970888_1971028,00.html",Hu Jintao,Former President of the People's Republic of China,"Born: December 21, 1942 (age 77 years), Taizhou, China","Hu Jintao is a Chinese politician, who was General Secretary of the Chinese Communist Party from 2002 to 2012, President of the People's Republic of China from 2003 to 2013 and Chairman of the Central Military Commission from 2004 to 2012. ","Taizhou, China","December 21, 1942",77,
2,Luiz Inácio Lula da Silva ,LEADERS,2004,"www.content.time.com/time/specials/packages/article/0,28804,1970858_1970888_1971031,00.html",Luiz Inácio Lula da Silva (Lula),Former President of Brazil,"Born: October 27, 1945 (age 75 years), Caetés, State of Pernambuco, Brazil","Luiz Inácio Lula da Silva, known as Lula, is a Brazilian politician and former union leader who served as the 35th President of Brazil from 1 January 2003 to 31 December 2010. ","Caetés, State of Pernambuco, Brazil","October 27, 1945",75,
3,Ali Husaini Sistani ,LEADERS,2004,"www.content.time.com/time/specials/packages/article/0,28804,1970858_1970888_1971034,00.html",Ali al-Sistani,Ayatollah,"Born: August 4, 1930 (age 90 years), Mashhad, Iran","Grand Ayatollah Sayyid Ali al-Husayni al-Sistani, commonly known as Ayatollah Sistani, is one of the most influential Iraqi Shia marja' of Iranian origins living in Iraq. He is described as the leading spiritual leader of Iraqi Shia Muslims, and one of the most senior clerics in Shia Islam. ","Mashhad, Iran","August 4, 1930",90,He
4,Toshihiko Fukui ,LEADERS,2004,"www.content.time.com/time/specials/packages/article/0,28804,1970858_1970888_1971048,00.html",Toshihiko Fukui,Japanese economist,"Born: September 7, 1935 (age 85 years), Osaka, Osaka, Japan",Toshihiko Fukui is a Japanese economist and central banker. He was the 29th Governor of the Bank of Japan and a Director of the Bank for International Settlements. ,"Osaka, Osaka, Japan","September 7, 1935",85,He
5,Abu al-Zarqawi ,LEADERS,2004,"www.content.time.com/time/specials/packages/article/0,28804,1970858_1970888_1971049,00.html",Abū Muṣʻab Zarqāwī,Null,"Born: October 30, 1966, Zarqa, Jordan","Abu Musab al-Zarqawi, born Ahmad Fadeel al-Nazal al-Khalayleh, was a Jordanian jihadist who ran a terrorist training camp in Afghanistan. ",,"October 30, 1966, Zarqa,",,
6,Kofi Annan ,LEADERS,2004,"www.content.time.com/time/specials/packages/article/0,28804,1970858_1970888_1971056,00.html",Kofi Annan,Ghanaian diplomat,"Born: April 8, 1938, Kumasi, Ghana",Kofi Atta Annan was a Ghanaian diplomat who served as the seventh Secretary-General of the United Nations from January 1997 to December 2006. Annan and the UN were the co-recipients of the 2001 Nobel Peace Prize. ,,"April 8, 1938, Kumasi,",,
7,Condoleeza Rice ,LEADERS,2004,"www.content.time.com/time/specials/packages/article/0,28804,1970858_1970888_1971057,00.html",Condoleezza Rice,Former United States Secretary of State,"Born: November 14, 1954 (age 66 years), Birmingham, AL","Condoleezza ""Condi"" Rice is an American diplomat, political scientist, civil servant, and professor who is the current Director of the Hoover Institution at Stanford University. ","Birmingham, AL","November 14, 1954",66,
8,Recep Tayyip Erdogan ,LEADERS,2004,"www.content.time.com/time/specials/packages/article/0,28804,1970858_1970888_1971059,00.html",Recep Tayyip Erdoğan,President of Turkey,"Born: February 26, 1954 (age 66 years), Kasımpaşa, Beyoğlu, Turkey",Recep Tayyip Erdoğan is a Turkish politician serving as the current President of Turkey. He previously served as Prime Minister of Turkey from 2003 to 2014 and as Mayor of Istanbul from 1994 to 1998. ,"Kasımpaşa, Beyoğlu, Turkey","February 26, 1954",66,He
9,John Abizaid ,LEADERS,2004,"www.content.time.com/time/specials/packages/article/0,28804,1970858_1970888_1971062,00.html",John Abizaid,United States Ambassador to Saudi Arabia,"Born: April 1, 1951 (age 69 years), Redwood City, CA","John Philip Abizaid is a retired United States Army general and former U.S. Central Command commander who is currently the United States Ambassador to Saudi Arabia. Abizaid retired after 34 years of service. As of 2007, Abizaid is employed as a fellow of the Hoover Institution at Stanford University. ","Redwood City, CA","April 1, 1951",69,
10,Kim Jong Il ,LEADERS,2004,"www.content.time.com/time/specials/packages/article/0,28804,1970858_1970888_1971067,00.html",Kim Jong-il,Former Supreme Leader of North Korea,"Born: February 16, 1941, Vyatskoye, Russia","Kim Jong-il or Kim Jong Il was a North Korean politician who served as the second Supreme Leader of North Korea from 1994 to 2011. He led North Korea from the 1994 death of his father Kim Il-sung, the first Supreme Leader until his own death in 2011, when he was succeeded by his son, Kim Jong-un. ",,"February 16, 1941, Vyatskoye,",,He
11,Bill Gates ,LEADERS,2004,"www.content.time.com/time/specials/packages/article/0,28804,1970858_1970888_1971068,00.html",Bill Gates,American business magnate,"Born: October 28, 1955 (age 65 years), Seattle, WA","William Henry Gates III is an American business magnate, software developer, and philanthropist. He is best known as the co-founder of Microsoft Corporation. ","Seattle, WA","October 28, 1955",65,He
12,Pope John Paul II ,LEADERS,2004,"www.content.time.com/time/specials/packages/article/0,28804,1970858_1970888_1971076,00.html",Pope John Paul II,Sovereign of the State of the Vatican City,"Born: May 18, 1920, Wadowice, Poland","Pope Saint John Paul II was the head of the Catholic Church and sovereign of the Vatican City State from 1978 until his death in 2005. He was elected pope by the second papal conclave of 1978, which was called after Pope John Paul I, who had been elected in August to succeed Pope Paul VI, died after 33 days. ",,"May 18, 1920, Wadowice,",,his
13,Atal Bihari Vajpayee ,LEADERS,2004,"www.content.time.com/time/specials/packages/article/0,28804,1970858_1970888_1971081,00.html",Atal Bihari Vajpayee,Former Prime Minister of India,"Born: December 25, 1924, Gwalior, India","Atal Bihari Vajpayee was an Indian statesman who served three terms as the Prime Minister of India, first for a term of 13 days in 1996, then for a period of 13 months from 1998 to 1999, followed by a full term from 1999 to 2004. ",,"December 25, 1924, Gwalior,",,
14,John Kerry ,LEADERS,2004,"www.content.time.com/time/specials/packages/article/0,28804,1970858_1970888_1971083,00.html",John Kerry,Former United States Secretary of State,"Born: December 11, 1943 (age 76 years), Fitzsimons Army Medical Center, Aurora, CO","John Forbes Kerry is an American politician and diplomat who served as the 68th United States Secretary of State from 2013 to 2017. An attorney and former naval officer, Kerry first drew public attention as a decorated Vietnam veteran turned anti-war activist. ","Fitzsimons Army Medical Center, Aurora, CO","December 11, 1943",76,
15,Luisa Diogo ,LEADERS,2004,"www.content.time.com/time/specials/packages/article/0,28804,1970858_1970888_1971086,00.html",Luísa Diogo,Null,"Born: April 11, 1958 (age 62 years), Mague, Mozambique","Luísa Dias Diogo was Prime Minister of Mozambique from February 2004 to January 2010. She replaced Pascoal Mocumbi, who had been Prime Minister for the previous nine years. Before becoming Prime Minister, she was Minister of Planning and Finance, and she continued to hold that post until February 2005. ","Mague, Mozambique","April 11, 1958",62,She
16,Vladmir Putin ,LEADERS,2004,"www.content.time.com/time/specials/packages/article/0,28804,1970858_1970888_1971088,00.html",Vladimir Putin,President of Russia,"Born: October 7, 1952 (age 68 years), Saint Petersburg, Russia","Vladimir Vladimirovich Putin is a Russian politician and a former officer of the KGB who has served as President of Russia since 2012, previously holding the position from 1999 until 2008. Putin was born in Leningrad and studied law at Leningrad State University, graduating in 1975. ","Saint Petersburg, Russia","October 7, 1952",68,
17,Wu Yi ,LEADERS,2004,"www.content.time.com/time/specials/packages/article/0,28804,1970858_1970888_1971095,00.html",Wu Yi,Former Vice Premier of the State Council of the People's Republic of China,"Born: November 17, 1938 (age 82 years), Wuhan, China","Wu Yi is a retired Chinese politician. She was one of the country's most visible leaders during the first decade of the 21st century, best known for taking on the role of Minister of Health from April ... ","Wuhan, China","November 17, 1938",82,She
18,Osama bin Laden ,LEADERS,2004,"www.content.time.com/time/specials/packages/article/0,28804,1970858_1970888_1971096,00.html",Osama Bin Laden,Null,"Born: March 10, 1957, Riyadh, Saudi Arabia","Osama bin Mohammed bin Awad bin Laden, also rendered Usama bin Ladin, was a founder of the pan-Islamic militant organization al-Qaeda, designated as a terrorist group by the United Nations Security Council, the North Atlantic Treaty Organization, the European Union, and various countries. ",,"March 10, 1957, Riyadh, Saudi",,
19,The Clintons ,LEADERS,2004,"www.content.time.com/time/specials/packages/article/0,28804,1970858_1970888_1971099,00.html",Bill Clinton,42nd U.S. President,"Born: August 19, 1946 (age 74 years), Hope, AR","William Jefferson Clinton is an American politician and attorney who served as the 42nd president of the United States from 1993 to 2001. Prior to his presidency, he served as governor of Arkansas and as attorney general of Arkansas. ","Hope, AR","August 19, 1946",74,his
20,Lee Scott ,TITANS,2004,"www.content.time.com/time/specials/packages/article/0,28804,1970858_1970908_1971380,00.html","H. Lee Scott, Jr.",American businessman,"Born: March 14, 1949 (age 71 years), Baxter Springs, KS","Harold Lee Scott Jr. is an American businessman who served as the third chief executive officer of Wal-Mart Stores, Inc., from January 2000 to January 2009. ","Baxter Springs, KS","March 14, 1949",71,
21,Carly Fiorina ,TITANS,2004,"www.content.time.com/time/specials/packages/article/0,28804,1970858_1970908_1971387,00.html",Carly Fiorina,American businesswoman,"Born: September 6, 1954 (age 66 years), Austin, TX","Cara Carleton ""Carly"" Fiorina formerly Sneed; born September 6, 1954 is an American businesswoman and political figure, known primarily for her tenure as CEO of Hewlett-Packard. As chief executive officer of HP from 1999 to 2005, Fiorina was the first woman to lead a Top-20 company as ranked by Fortune Magazine. ","Austin, TX","September 6, 1954",66,her
22,Abigail Johnson ,TITANS,2004,"www.content.time.com/time/specials/packages/article/0,28804,1970858_1970908_1971390,00.html",Abigail Johnson,Chief Executive Officer of Fidelity Investments,"Born: December 19, 1961 (age 58 years), Boston, MA","Abigail Pierrepont Johnson is an American billionaire businesswoman. Since 2014, Johnson has been president and chief executive officer of American investment firm Fidelity Investments, and chairman of its international sister company Fidelity International. ","Boston, MA","December 19, 1961",58,
23,David Neeleman ,TITANS,2004,"www.content.time.com/time/specials/packages/article/0,28804,1970858_1970908_1971471,00.html",David Neeleman,Entrepreneur,"Born: October 16, 1959 (age 61 years), São Paulo, State of São Paulo, Brazil","David G. Neeleman is a Brazilian-American entrepreneur who has founded five commercial airlines, Morris Air, WestJet, JetBlue Airways, Azul Brazilian Airlines, and Breeze Airways. Along with Humberto Pedrosa and Aigle Azur he owns 45% of another commercial airline in Europe, TAP Air Portugal. ","São Paulo, State of São Paulo, Brazil","October 16, 1959",61,he
24,Rupert Murdoch ,TITANS,2004,"www.content.time.com/time/specials/packages/article/0,28804,1970858_1970908_1971476,00.html",Rupert Murdoch,American media mogul,"Born: March 11, 1931 (age 89 years), Melbourne, Australia","Keith Rupert Murdoch AC KCSG is an Australian-born American media mogul. Through his company News Corp, he is the owner of hundreds of local, national, and international publishing outlets around the ... ","Melbourne, Australia","March 11, 1931",89,his
25,Lindsay Owen-Jones ,TITANS,2004,"www.content.time.com/time/specials/packages/article/0,28804,1970858_1970908_1971480,00.html",Lindsay Owen-Jones,Business person,"Born: March 17, 1946 (age 74 years), Wallasey, United Kingdom","Sir Lindsay Owen-Jones, KBE, born in Wallasey, Cheshire to a Welsh family, was the Chairman and CEO of the cosmetics and beauty company L'Oréal from 1988 to 2011. In May 2019, he was ranked as the 292nd richest person in UK by The Sunday Times Rich List with a net worth of £467 million. ","Wallasey, United Kingdom","March 17, 1946",74,he
26,Howard Schultz ,TITANS,2004,"www.content.time.com/time/specials/packages/article/0,28804,1970858_1970908_1971488,00.html",Howard Schultz,American businessman,"Born: July 19, 1953 (age 67 years), Brooklyn, New York, NY","Howard D. Schultz is an American businessman. He served as the chairman and chief executive officer of the Starbucks Coffee Company from 1986 to 2000, and then again from 2008 to 2017. Schultz also owned the Seattle SuperSonics basketball team from 2001 to 2006. ","Brooklyn, New York, NY","July 19, 1953",67,He
27,Azim Premji ,TITANS,2004,"www.content.time.com/time/specials/packages/article/0,28804,1970858_1970908_1971497,00.html",Azim Premji,Indian business tycoon,"Born: July 24, 1945 (age 75 years), Mumbai, India","Azim Hashim Premji is an Indian business tycoon, investor, engineer, and philanthropist, who was the chairman of Wipro Limited. Premji remains a non-executive member of the board and founder chairman. He is informally known as the Czar of the Indian IT Industry. ","Mumbai, India","July 24, 1945",75,He
28,Warren Buffett ,TITANS,2004,"www.content.time.com/time/specials/packages/article/0,28804,1970858_1970908_1971501,00.html",Warren Buffett,CEO of Berkshire Hathaway,"Born: August 30, 1930 (age 90 years), Omaha, NE","Warren Edward Buffett is an American investor, business tycoon, philanthropist, and the chairman and CEO of Berkshire Hathaway. He is considered one of the most successful investors in the world and has a net worth of over US$78.9 billion as of August 2020, making him the world's fourth-wealthiest person. ","Omaha, NE","August 30, 1930",90,He
29,Michael Dell ,TITANS,2004,"www.content.time.com/time/specials/packages/article/0,28804,1970858_1970908_1971510,00.html",Michael S. Dell,CEO of Dell Technologies,"Born: February 23, 1965 (age 55 years), Houston, TX","Michael Saul Dell is an American billionaire businessman and philanthropist. He is the founder, chairman and CEO of Dell Technologies, one of the world's largest technology infrastructure companies. He is ranked 27th richest in the world by Forbes, with a net worth of $27.2 billion as of April 2020. ","Houston, TX","February 23, 1965",55,He
30,Al-Jazeera ,TITANS,2004,"www.content.time.com/time/specials/packages/article/0,28804,1970858_1970908_1971511,00.html",Al Jazeera English,TV network,Null,"Al Jazeera English is a Qatari state-owned news channel owned by the Al Jazeera Media Network, headquartered in Doha, Qatar. It is the first English-language news channel to be headquartered in the Middle East. Instead of being run centrally, news management rotates between broadcasting centers in Doha and London. ",,,,
31,Lord John Browne ,TITANS,2004,"www.content.time.com/time/specials/packages/article/0,28804,1970858_1970908_1971512,00.html","John Browne, Baron Browne of Madingley",Businessman,"Born: February 20, 1948 (age 72 years), Hamburg, Germany","Edmund John Philip Browne, Baron Browne of Madingley, FRS, FREng, FGS is a British businessman. He is best known for his role as the chief executive of the energy company BP between 1995 and 2007. This period has been described as the company's ""golden period of expansion and diversification"". ","Hamburg, Germany","February 20, 1948",72,He
32,Hiroshi Okuda / Fujio Cho ,TITANS,2004,"www.content.time.com/time/specials/packages/article/0,28804,1970858_1970908_1971520,00.html",Null,Null,Null,Null,,,,
33,Sergei Brin / Larry Page ,TITANS,2004,"www.content.time.com/time/specials/packages/article/0,28804,1970858_1970908_1971526,00.html",See results about,Null,Null,Null,,,,
34,Bernard Arnault ,TITANS,2004,"www.content.time.com/time/specials/packages/article/0,28804,1970858_1970908_1971527,00.html",Bernard Arnault,Chief Executive of LVMH,"Born: March 5, 1949 (age 71 years), Roubaix, France","Bernard Jean Étienne Arnault is a French billionaire businessman and art collector. He is the chairman and chief executive of LVMH Moët Hennessy – Louis Vuitton SE, the world's largest luxury-goods company. In April 2018, he became the richest person in fashion, topping Zara's Amancio Ortega. ","Roubaix, France","March 5, 1949",71,He
35,Sepp Blatter ,TITANS,2004,"www.content.time.com/time/specials/packages/article/0,28804,1970858_1970908_1971530,00.html",Sepp Blatter,Null,"Born: March 10, 1936 (age 84 years), Visp, Switzerland","Joseph ""Sepp"" Blatter is a retired Swiss football administrator who was the eighth President of the FIFA from 1998 to 2015. He is currently serving a six-year ban from participating in FIFA activities. ","Visp, Switzerland","March 10, 1936",84,He
36,Belinda Stronach ,TITANS,2004,"www.content.time.com/time/specials/packages/article/0,28804,1970858_1970908_1971545,00.html",Belinda Stronach,Former Canadian Member of Parliament,"Born: May 2, 1966 (age 54 years), Newmarket, Canada","Belinda Caroline Stronach, PC is a Canadian businesswoman, philanthropist and former Member of Parliament in the House of Commons of Canada from 2004 to 2008. Originally elected as a Conservative, she later crossed the floor to join the Liberals. ","Newmarket, Canada","May 2, 1966",54,she
37,Meg Whitman ,TITANS,2004,"www.content.time.com/time/specials/packages/article/0,28804,1970858_1970908_1971556,00.html",Meg Whitman,American executive,"Born: August 4, 1956 (age 64 years), Cold Spring Harbor, NY","Margaret Cushing Whitman is an American business executive, former political candidate, and philanthropist. She is a board member of Procter & Gamble and Dropbox. Whitman was previously president and CEO of Hewlett Packard Enterprise. She was also the CEO of Quibi before its closure in October 2020. ","Cold Spring Harbor, NY","August 4, 1956",64,She
38,Daniel Vasella ,TITANS,2004,"www.content.time.com/time/specials/packages/article/0,28804,1970858_1970908_1971563,00.html",Daniel Vasella,Swiss medical doctor,"Born: August 15, 1953 (age 67 years), Fribourg, Switzerland","Daniel Lucius Vasella is a Swiss medical doctor, author, and executive who served as CEO and chairman of the Swiss pharmaceutical company Novartis AG, the world's fifth largest drug company. During his tenure Novartis shares fell 10%, compared to the industry average. ","Fribourg, Switzerland","August 15, 1953",67,his
39,Steve Jobs ,TITANS,2004,"www.content.time.com/time/specials/packages/article/0,28804,1970858_1970908_1971572,00.html",Steve Jobs,American business magnate,"Born: February 24, 1955, San Francisco, CA","Steven Paul Jobs was an American business magnate, industrial designer, investor, and media proprietor. ",,"February 24, 1955, San Francisco,",,
40,Mark Burnett ,ARTISTS,2004,"www.content.time.com/time/specials/packages/article/0,28804,1970858_1970890_1971145,00.html",Mark Burnett,Television producer,"Born: July 17, 1960 (age 60 years), London, United Kingdom",Mark Burnett is a British television producer who is the current Chairman of MGM Worldwide Television Group. He is best known for creating and producing the reality show The Apprentice and producing Survivor. Burnett-produced TV series have been nominated for a total of 143 Emmys. ,"London, United Kingdom","July 17, 1960",60,He
41,Frank Gehry ,ARTISTS,2004,"www.content.time.com/time/specials/packages/article/0,28804,1970858_1970890_1971149,00.html",Frank Gehry,American-Canadian architect,"Born: February 28, 1929 (age 91 years), Toronto, Canada","Frank Owen Gehry, CC, FAIA is a Canadian-born American architect, residing in Los Angeles. A number of his buildings, including his private residence, have become world-renowned attractions. ","Toronto, Canada","February 28, 1929",91,his
42,John Galliano ,ARTISTS,2004,"www.content.time.com/time/specials/packages/article/0,28804,1970858_1970890_1971152,00.html",John Galliano,Fashion designer,"Born: November 28, 1960 (age 60 years), Gibraltar","John Charles Galliano CBE, RDI is a Gibraltar-born British fashion designer who was the head designer of French fashion companies Givenchy, Christian Dior, and his own label John Galliano. At present, Galliano is the creative director of Paris-based fashion house Maison Margiela. ",Gibraltar,"November 28, 1960",60,his
43,Peter Jackson ,ARTISTS,2004,"www.content.time.com/time/specials/packages/article/0,28804,1970858_1970890_1971159,00.html",Peter Jackson,New Zealand film director,"Born: October 31, 1961 (age 59 years), Pukerua Bay, Porirua, New Zealand","Sir Peter Robert Jackson ONZ KNZM is a New Zealand film director, producer, and screenwriter. He is best known as the director, writer, and producer of the Lord of the Rings trilogy and the Hobbit trilogy, both of which are adapted from the novels of the same name by J. R. R. Tolkien. ","Pukerua Bay, Porirua, New Zealand","October 31, 1961",59,He
44,Nicholas Hytner ,ARTISTS,2004,"www.content.time.com/time/specials/packages/article/0,28804,1970858_1970890_1971162,00.html",Nicholas Hytner,Theatre director,"Born: May 7, 1956 (age 64 years), Didsbury, Manchester, United Kingdom","Sir Nicholas Robert Hytner is an English theatre director, film director, and film producer. He was previously the Artistic Director of London's National Theatre. His major successes as director include Miss Saigon, The History Boys and One Man, Two Guvnors. ","Didsbury, Manchester, United Kingdom","May 7, 1956",64,He
45,Simon Cowell ,ARTISTS,2004,"www.content.time.com/time/specials/packages/article/0,28804,1970858_1970890_1971166,00.html",Simon Cowell,Television personality,"Born: October 7, 1959 (age 61 years), Lambeth, London, United Kingdom","Simon Phillip Cowell is an English television personality, entrepreneur, entertainment manager, and record executive. ","Lambeth, London, United Kingdom","October 7, 1959",61,
46,OutKast ,ARTISTS,2004,"www.content.time.com/time/specials/packages/article/0,28804,1970858_1970890_1971171,00.html",OutKast,Hip hop duo,"Origin: East Point, GA (1991)","Outkast was an American hip hop duo formed in 1992 in East Point, Georgia, consisting of Atlanta-based rappers André ""3000"" Benjamin and Antwan ""Big Boi"" Patton. ",,,,
47,Norah Jones ,ARTISTS,2004,"www.content.time.com/time/specials/packages/article/0,28804,1970858_1970890_1971193,00.html",Norah Jones,American singer-songwriter,"Born: March 30, 1979 (age 41 years), Manhattan, New York, NY","Norah Jones is an American singer, songwriter and pianist. She has won multiple awards and has sold more than 50 million records worldwide. Billboard named her the top jazz artist of the 2000s decade. She has won nine Grammy Awards and was ranked 60th on Billboard magazine's artists of the 2000s decade chart. ","Manhattan, New York, NY","March 30, 1979",41,She
48,Jerry Bruckheimer ,ARTISTS,2004,"www.content.time.com/time/specials/packages/article/0,28804,1970858_1970890_1971203,00.html",Jerry Bruckheimer,American film producer,"Born: September 21, 1943 (age 77 years), Detroit, MI","Jerome Leon Bruckheimer is an American film and television producer. He has been active in the genres of action, drama, fantasy, and science fiction. ","Detroit, MI","September 21, 1943",77,He
49,J.K. Rowling ,ARTISTS,2004,"www.content.time.com/time/specials/packages/article/0,28804,1970858_1970890_1971213,00.html",J. K. Rowling,British author,"Born: July 31, 1965 (age 55 years), Yate, United Kingdom","Joanne Rowling CH, OBE, HonFRSE, FRCPE, FRSL, better known by her pen name J. K. Rowling, is a British author, philanthropist, film producer, television producer and screenwriter. ","Yate, United Kingdom","July 31, 1965",55,her
50,Ken Kutaragi ,ARTISTS,2004,"www.content.time.com/time/specials/packages/article/0,28804,1970858_1970890_1971347,00.html",Ken Kutaragi,Japanese engineering technologist,"Born: August 2, 1950 (age 70 years), Tokyo, Japan","Ken Kutaragi is a Japanese engineering technologist and businessman. He is the former chairman and CEO of Sony Computer Entertainment, the video game division of Sony Corporation, and current president and CEO of Cyber AI Entertainment. ","Tokyo, Japan","August 2, 1950",70,He
51,Bruce Nauman ,ARTISTS,2004,"www.content.time.com/time/specials/packages/article/0,28804,1970858_1970890_1971348,00.html",Bruce Nauman,American artist,"Born: December 6, 1941 (age 79 years), Fort Wayne, IN","Bruce Nauman is an American artist. His practice spans a broad range of media including sculpture, photography, neon, video, drawing, printmaking, and performance. Nauman lives near Galisteo, New Mexico. ","Fort Wayne, IN","December 6, 1941",79,His
52,Katie Couric ,ARTISTS,2004,"www.content.time.com/time/specials/packages/article/0,28804,1970858_1970890_1971349,00.html",Katie Couric,American television journalist,"Born: January 7, 1957 (age 63 years), Arlington County, VA","Katherine Anne Couric is an American television and online journalist, presenter, producer, and author. She is founder of Katie Couric Media, a multimedia news and production company. She also publishes a daily newsletter, Wake Up Call. From 2013 to 2017, she was Yahoo's Global News Anchor. ","Arlington County, VA","January 7, 1957",63,She
53,Charlie Kaufman ,ARTISTS,2004,"www.content.time.com/time/specials/packages/article/0,28804,1970858_1970890_1971351,00.html",Charlie Kaufman,American screenwriter,"Born: November 19, 1958 (age 62 years), New York, NY","Charles Stuart Kaufman is an American screenwriter, producer, director and novelist. He wrote the films Being John Malkovich, Adaptation, and Eternal Sunshine of the Spotless Mind. He made his directorial debut with Synecdoche, New York, which film critic Roger Ebert called ""the best movie of the decade"" in 2009. ","New York, NY","November 19, 1958",62,He
54,Hideo Nakata ,ARTISTS,2004,"www.content.time.com/time/specials/packages/article/0,28804,1970858_1970890_1971352,00.html",Hideo Nakata,Film director,"Born: July 19, 1961 (age 59 years), Konkō, Okayama",Null,"Konkō, Okayama","July 19, 1961",59,
55,Aishwarya Rai ,ARTISTS,2004,"www.content.time.com/time/specials/packages/article/0,28804,1970858_1970890_1971356,00.html",Aishwarya Rai Bachchan,Indian actress,"Born: November 1, 1973 (age 47 years), Mangalore, India","Aishwarya Rai Bachchan is an Indian actress and the winner of the Miss World 1994 pageant. Through her successful acting career, she has established herself as one of the most popular and influential celebrities in India. ","Mangalore, India","November 1, 1973",47,her
56,Ferran Adrià ,ARTISTS,2004,"www.content.time.com/time/specials/packages/article/0,28804,1970858_1970890_1971358,00.html",Ferran Adrià,Spanish chef,"Born: May 14, 1962 (age 58 years), L'Hospitalet de Llobregat, Spain","Ferran Adrià i Acosta is a Spanish chef. He was the head chef of the elBulli restaurant in Roses on the Costa Brava and is considered one of the best chefs in the world. He has often collaborated with his brother, the renowned pastry chef Albert Adrià. ","L'Hospitalet de Llobregat, Spain","May 14, 1962",58,He
57,Nicole Kidman ,ARTISTS,2004,"www.content.time.com/time/specials/packages/article/0,28804,1970858_1970890_1971362,00.html",Nicole Kidman,American-Australian actress,"Born: June 20, 1967 (age 53 years), Honolulu, HI","Nicole Mary Kidman AC is an Australian-American actress, singer, and producer. She has received an Academy Award, two Primetime Emmy Awards, and five Golden Globe Awards. She was ranked among the world's highest-paid actresses in 2006, 2018 and 2019. ","Honolulu, HI","June 20, 1967",53,She
58,Sean Penn ,ARTISTS,2004,"www.content.time.com/time/specials/packages/article/0,28804,1970858_1970890_1971366,00.html",Sean Penn,American actor,"Born: August 17, 1960 (age 60 years), Santa Monica, CA","Sean Justin Penn is an American actor, director, screenwriter, and producer. He has won two Academy Awards, for his roles in the mystery drama Mystic River and the biopic Milk. ","Santa Monica, CA","August 17, 1960",60,He
59,Guy Laliberté ,ARTISTS,2004,"www.content.time.com/time/specials/packages/article/0,28804,1970858_1970890_1971370,00.html",Guy Laliberté,Canadian businessman,"Born: September 2, 1959 (age 61 years), Quebec City, Canada","Guy Laliberté, OC CQ is a Canadian billionaire businessman, and poker player. Along with Gilles Ste-Croix, he is the co-founder of Cirque du Soleil. In January 2018, Laliberté was ranked by Forbes as the 11th wealthiest Canadian. ","Quebec City, Canada","September 2, 1959",61,he
60,Nelson Mandela ,ICONS,2004,"www.content.time.com/time/specials/packages/article/0,28804,1970858_1970910_1971727,00.html",Nelson Mandela,Former President of South Africa,"Born: July 18, 1918, Mvezo, South Africa","Nelson Rolihlahla Mandela was a South African anti-apartheid revolutionary, political leader and philanthropist who served as President of South Africa from 1994 to 1999. He was the country's first black head of state and the first elected in a fully representative democratic election. ",,"July 18, 1918, Mvezo, South",,He
61,Aung San Suu Kyi ,ICONS,2004,"www.content.time.com/time/specials/packages/article/0,28804,1970858_1970910_1971756,00.html",Aung San Suu Kyi,State Counsellor of Myanmar,"Born: June 19, 1945 (age 75 years), Yangon, Myanmar (Burma)","Aung San Suu Kyi is a Burmese politician, diplomat, author, and a 1991 Nobel Peace Prize laureate. The first and incumbent State Counsellor of Myanmar, she is also the leader of the National League for Democracy and played a vital role in the state's transition from military junta to partial democracy. ","Yangon, Myanmar (Burma)","June 19, 1945",75,she
62,Queen Rania of Jordan ,ICONS,2004,"www.content.time.com/time/specials/packages/article/0,28804,1970858_1970910_1971983,00.html",Queen Rania of Jordan,Queen Consort of Jordan,"Born: August 31, 1970 (age 50 years), Kuwait City, Kuwait","Rania Al-Abdullah is the queen consort of Jordan. Her parents are from the city of Tulkarm in the West Bank, and she was born in Kuwait. She received her bachelor’s degree in business at the American University in Cairo. ","Kuwait City, Kuwait","August 31, 1970",50,Her
63,Shirin Ebadi ,ICONS,2004,"www.content.time.com/time/specials/packages/article/0,28804,1970858_1970910_1971990,00.html",Shirin Ebadi,Iranian lawyer,"Born: June 21, 1947 (age 73 years), Hamedan, Iran","Shirin Ebadi is an Iranian political activist, lawyer, a former judge and human rights activist and founder of Defenders of Human Rights Center in Iran. ","Hamedan, Iran","June 21, 1947",73,
64,Bono ,ICONS,2004,"www.content.time.com/time/specials/packages/article/0,28804,1970858_1970910_1971993,00.html",Bono,Irish singer-songwriter,"Born: May 10, 1960 (age 60 years), Rotunda Hospital, Dublin, Ireland","Paul David Hewson KBE OL, known by his stage name Bono, is an Irish singer, songwriter, philanthropist, activist, venture capitalist, businessman, and actor. He is best known as the lead vocalist and primary lyricist of rock band U2. ","Rotunda Hospital, Dublin, Ireland","May 10, 1960",60,his
65,Bernard Kouchner ,ICONS,2004,"www.content.time.com/time/specials/packages/article/0,28804,1970858_1970910_1971994,00.html",Bernard Kouchner,French Politician,"Born: November 1, 1939 (age 81 years), Avignon, France",Bernard Kouchner is a French politician and physician. He is the co-founder of Médecins Sans Frontières and Médecins du Monde. ,"Avignon, France","November 1, 1939",81,He
66,Bill Bellichick ,ICONS,2004,"www.content.time.com/time/specials/packages/article/0,28804,1970858_1970910_1971997,00.html",Bill Belichick,General Manager of the New England Patriots,"Born: April 16, 1952 (age 68 years), Nashville, TN","William Stephen Belichick is an American professional football coach who serves as the head coach of the New England Patriots of the National Football League. He exercises extensive authority over the Patriots' football operations, effectively making him the team's general manager as well. ","Nashville, TN","April 16, 1952",68,He
67,David Beckham ,ICONS,2004,"www.content.time.com/time/specials/packages/article/0,28804,1970858_1970910_1971999,00.html",David Beckham,English soccer player,"Born: May 2, 1975 (age 45 years), Whipps Cross University Hospital, London, United Kingdom","David Robert Joseph Beckham OBE is an English former professional footballer, the current president & co-owner of Inter Miami CF and co-owner of Salford City. ","Whipps Cross University Hospital, London, United Kingdom","May 2, 1975",45,
68,Lance Armstrong ,ICONS,2004,"www.content.time.com/time/specials/packages/article/0,28804,1970858_1970910_1972000,00.html",Lance Armstrong,American professional road racing cyclist,"Born: September 18, 1971 (age 49 years), Plano, TX","Lance Edward Armstrong is an American former professional road racing cyclist. He was known for his seven consecutive Tour de France wins from 1999 to 2005, the most in the event's history. ","Plano, TX","September 18, 1971",49,He
69,Yao Ming ,ICONS,2004,"www.content.time.com/time/specials/packages/article/0,28804,1970858_1970910_1972002,00.html",Yao Ming,Chinese basketball player,"Born: September 12, 1980 (age 40 years), Shanghai, China",Yao Ming is a Chinese basketball executive and former professional player. He played for the Shanghai Sharks of the Chinese Basketball Association and the Houston Rockets of the National Basketball Association. ,"Shanghai, China","September 12, 1980",40,He
70,John Bogle ,ICONS,2004,"www.content.time.com/time/specials/packages/article/0,28804,1970858_1970910_1972003,00.html",John C. Bogle,American investor,"Born: May 8, 1929, Montclair, NJ","John Clifton ""Jack"" Bogle was an American investor, business magnate, and philanthropist. He was the founder and chief executive of The Vanguard Group, and is credited with creating the first index fund. ",,"May 8, 1929, Montclair,",,He
71,Mel Gibson ,ICONS,2004,"www.content.time.com/time/specials/packages/article/0,28804,1970858_1970910_1972005,00.html",Mel Gibson,Actor,"Born: January 3, 1956 (age 64 years), Peekskill, NY","Mel Columcille Gerard Gibson AO is an American actor, film director, producer, and screenwriter. He is best known for his action hero roles, particularly his breakout role as Max Rockatansky in the ... ","Peekskill, NY","January 3, 1956",64,He
72,Arthur Agatston ,ICONS,2004,"www.content.time.com/time/specials/packages/article/0,28804,1970858_1970910_1972009,00.html",Arthur Agatston,American cardiologist,"Born: 1947 (age 73 years), New York, NY","Arthur Agatston is an American cardiologist and celebrity doctor best known as the developer of the South Beach Diet, but also as the author of many published scholarly papers in the field of noninvasive cardiac diagnostics. His scientific research led to the Agatston Score for measuring coronary artery calcium. ","New York, NY",1947,73,His
73,Dalai Lama ,ICONS,2004,"www.content.time.com/time/specials/packages/article/0,28804,1970858_1970910_1972014,00.html",14th Dalai Lama,Null,"Born: July 6, 1935 (age 85 years), Taktser, China","The 14th Dalai Lama is the current Dalai Lama, the highest spiritual leader of Tibet, and considered a living buddha. The Dalai Lamas are also leaders of the Gelug school, which is the newest school of Tibetan Buddhism and was formally headed by the Ganden Tripas. ","Taktser, China","July 6, 1935",85,
74,Tiger Woods ,ICONS,2004,"www.content.time.com/time/specials/packages/article/0,28804,1970858_1970910_1972024,00.html",Tiger Woods,American professional golfer,"Born: December 30, 1975 (age 44 years), Cypress, CA","Eldrick Tont ""Tiger"" Woods is an American professional golfer. He is tied for first in PGA Tour wins and ranks second in men's major championships and also holds numerous golf records. Woods is widely regarded as one of the greatest golfers, and one of the most famous athletes of all time. ","Cypress, CA","December 30, 1975",44,He
75,Paula Radcliffe ,ICONS,2004,"www.content.time.com/time/specials/packages/article/0,28804,1970858_1970910_1972027,00.html",Paula Radcliffe,British long-distance runner,"Born: December 17, 1973 (age 46 years), Davenham, United Kingdom","Paula Jane Radcliffe, MBE is a former British long-distance runner. She is a three-time winner of the London Marathon, three-time New York Marathon champion, and 2002 Chicago Marathon winner. ","Davenham, United Kingdom","December 17, 1973",46,She
76,Oprah Winfrey ,ICONS,2004,"www.content.time.com/time/specials/packages/article/0,28804,1970858_1970910_1972029,00.html",Oprah Winfrey,American host,"Born: January 29, 1954 (age 66 years), Kosciusko, MS","Oprah Gail Winfrey is an American talk show host, television producer, actress, author, and philanthropist. ","Kosciusko, MS","January 29, 1954",66,
77,Arnold Schwarzenegger ,ICONS,2004,"www.content.time.com/time/specials/packages/article/0,28804,1970858_1970910_1972033,00.html",Arnold Schwarzenegger,Former Governor of California,"Born: July 30, 1947 (age 73 years), Styria, Austria","Arnold Alois Schwarzenegger is an Austrian-American actor, businessman, retired professional bodybuilder and former politician who served as the 38th Governor of California from 2003 to 2011. As of 2020, he is the most recent Republican governor of California. ","Styria, Austria","July 30, 1947",73,he
78,Evan Wolfson ,ICONS,2004,"www.content.time.com/time/specials/packages/article/0,28804,1970858_1970910_1972049,00.html",Evan Wolfson,Attorney,"Born: February 4, 1957 (age 63 years), Brooklyn, New York, NY","Evan Wolfson is an attorney and gay rights advocate. He is the founder of Freedom to Marry, a group favoring same-sex marriage in the United States, serving as president until its 2015 victory and subsequent wind-down. ","Brooklyn, New York, NY","February 4, 1957",63,He
79,B.K.S. Iyengar ,ICONS,2004,"www.content.time.com/time/specials/packages/article/0,28804,1970858_1970910_1972051,00.html",B. K. S. Iyengar,Teacher,"Born: December 14, 1918, Bellur, India","Bellur Krishnamachar Sundararaja Iyengar, better known as B.K.S. Iyengar, was the founder of the style of yoga as exercise known as ""Iyengar Yoga"" and was considered one of the foremost yoga teachers in the world. ",,"December 14, 1918, Bellur,",,
80,Edward Witten ,PIONEERS,2004,"www.content.time.com/time/specials/packages/article/0,28804,1970858_1970909_1971670,00.html",Edward Witten,American mathematical physicist,"Born: August 26, 1951 (age 69 years), Baltimore, MD",Edward Witten is an American mathematical and theoretical physicist. He is currently the Charles Simonyi Professor in the School of Natural Sciences at the Institute for Advanced Study. ,"Baltimore, MD","August 26, 1951",69,He
81,Steven Pinker ,PIONEERS,2004,"www.content.time.com/time/specials/packages/article/0,28804,1970858_1970909_1971671,00.html",Steven Pinker,Canadian psychologist,"Born: September 18, 1954 (age 66 years), Montreal, Canada","Steven Arthur Pinker is a Canadian-American cognitive psychologist, linguist, and popular science author. He is an advocate of evolutionary psychology and the computational theory of mind. Pinker's academic specializations are visual cognition and psycholinguistics. ","Montreal, Canada","September 18, 1954",66,He
82,Eric Lander ,PIONEERS,2004,"www.content.time.com/time/specials/packages/article/0,28804,1970858_1970909_1971674,00.html",Eric Lander,Director of the Broad Institute,"Born: February 3, 1957 (age 63 years), Brooklyn, New York, NY","Eric Steven Lander, a mathematician and geneticist, is a Professor of Biology at the Massachusetts Institute of Technology and Professor of Systems Biology at Harvard Medical School, former member of the Whitehead Institute, and founding director of the Broad Institute of MIT and Harvard. ","Brooklyn, New York, NY","February 3, 1957",63,
83,Korean Cloners ,PIONEERS,2004,"www.content.time.com/time/specials/packages/article/0,28804,1970858_1970909_1971678,00.html",Null,Null,Null,Null,,,,
84,Paul Ridker ,PIONEERS,2004,"www.content.time.com/time/specials/packages/article/0,28804,1970858_1970909_1971680,00.html",See results about,Null,Null,Null,,,,
85,Hernando de Soto ,PIONEERS,2004,"www.content.time.com/time/specials/packages/article/0,28804,1970858_1970909_1971683,00.html",Hernando de Soto,Spanish conquistador,"Born: 1500, Badajoz, Spain","Hernando de Soto was a Spanish explorer and conquistador who was involved in expeditions in Nicaragua and the Yucatan Peninsula, and played an important role in Pizarro's conquest of the Inca Empire in ... ",,"1500, Badajoz,",,
86,Jeff Sachs ,PIONEERS,2004,"www.content.time.com/time/specials/packages/article/0,28804,1970858_1970909_1971686,00.html",Jeffrey Sachs,American economist,"Born: November 5, 1954 (age 66 years), Detroit, MI","Jeffrey David Sachs is an American economist, academic, public policy analyst and former director of The Earth Institute at Columbia University, where he holds the title of University Professor. ","Detroit, MI","November 5, 1954",66,he
87,Linus Torvalds ,PIONEERS,2004,"www.content.time.com/time/specials/packages/article/0,28804,1970858_1970909_1971691,00.html",Linus Torvalds,American-Finnish software engineer,"Born: December 28, 1969 (age 50 years), Helsinki, Finland","Linus Benedict Torvalds is a Finnish-American software engineer who is the creator and, historically, the principal developer of the Linux kernel, which is the kernel for GNU/Linux operating systems and other operating systems such as Android and Chrome OS. ","Helsinki, Finland","December 28, 1969",50,
88,Niall Ferguson ,PIONEERS,2004,"www.content.time.com/time/specials/packages/article/0,28804,1970858_1970909_1971694,00.html",Niall Ferguson,Historian,"Born: April 18, 1964 (age 56 years), Glasgow, United Kingdom",Niall Campbell Ferguson is a Scottish-American historian and the Milbank Family Senior Fellow at the Hoover Institution at Stanford University. ,"Glasgow, United Kingdom","April 18, 1964",56,
89,Bernard Lewis ,PIONEERS,2004,"www.content.time.com/time/specials/packages/article/0,28804,1970858_1970909_1971696,00.html",Bernard Lewis,American-British historian,"Born: May 31, 1916, Stoke Newington, London, United Kingdom","Bernard Lewis, FBA was a British American historian specialized in Oriental studies. He was also known as a public intellectual and political commentator. Lewis was the Cleveland E. Dodge Professor Emeritus of Near Eastern Studies at Princeton University. ",,"May 31, 1916, Stoke Newington, London, United",,He
90,Tariq Ramadan ,PIONEERS,2004,"www.content.time.com/time/specials/packages/article/0,28804,1970858_1970909_1971700,00.html",T Ramadan,Academic,"Born: August 26, 1962 (age 58 years), Geneva, Switzerland","Tariq Ramadan is a Swiss Muslim academic, philosopher, and writer. He was a professor of contemporary Islamic studies at St Antony's College, Oxford and the Faculty of Theology and Religion, University of Oxford, but as of 2018 is taking an agreed leave of absence. ","Geneva, Switzerland","August 26, 1962",58,He
91,Jürgen Habermas ,PIONEERS,2004,"www.content.time.com/time/specials/packages/article/0,28804,1970858_1970909_1971707,00.html",Jürgen Habermas,German philosopher,"Born: June 18, 1929 (age 91 years), Düsseldorf, Germany",Jürgen Habermas is a German philosopher and sociologist in the tradition of critical theory and pragmatism. His work addresses communicative rationality and the public sphere. ,"Düsseldorf, Germany","June 18, 1929",91,His
92,Samantha Power ,PIONEERS,2004,"www.content.time.com/time/specials/packages/article/0,28804,1970858_1970909_1971708,00.html",Samantha Power,Former United States Ambassador to the United Nations,"Born: September 21, 1970 (age 50 years), Castleknock, Ireland","Samantha Jane Power is an Irish-American academic, and a Pulitzer Prize-winning author who served as the 28th United States Ambassador to the United Nations from 2013 to 2017. She is a member of the Democratic Party. ","Castleknock, Ireland","September 21, 1970",50,She
93,Sandra Day O'Connor ,PIONEERS,2004,"www.content.time.com/time/specials/packages/article/0,28804,1970858_1970909_1971710,00.html",Sandra Day O'Connor,Former Associate Justice of the Supreme Court of the United States,"Born: March 26, 1930 (age 90 years), El Paso, TX","Sandra Day O'Connor is a retired attorney, politician, and the first woman associate justice of the Supreme Court of the United States, a position she held from 1981 until her retirement in 2006. She was the first woman nominated and confirmed. ","El Paso, TX","March 26, 1930",90,she
94,Jill Tarter ,PIONEERS,2004,"www.content.time.com/time/specials/packages/article/0,28804,1970858_1970909_1971711,00.html",Jill Tarter,American astronomer,"Born: January 16, 1944 (age 76 years), United States","Jill Cornell Tarter is an American astronomer best known for her work on the search for extraterrestrial intelligence. Tarter is the former director of the Center for SETI Research, holding the Bernard M. Oliver Chair for SETI at the SETI Institute. ",United States,"January 16, 1944",76,her
95,Julie Garberding ,PIONEERS,2004,"www.content.time.com/time/specials/packages/article/0,28804,1970858_1970909_1971713,00.html",Null,Null,Null,Null,,,,
96,Joschka Fischer ,PIONEERS,2004,"www.content.time.com/time/specials/packages/article/0,28804,1970858_1970909_1971715,00.html",Joschka Fischer,Former Vice-Chancellor of Germany,"Born: April 12, 1948 (age 72 years), Gerabronn, Germany","Joseph Martin ""Joschka"" Fischer is a German politician of the Alliance '90/The Greens. He served as Foreign Minister and as Vice Chancellor of Germany in the cabinet of Gerhard Schröder from 1998 to 2005. ","Gerabronn, Germany","April 12, 1948",72,He
97,Bjorn Lomborg ,PIONEERS,2004,"www.content.time.com/time/specials/packages/article/0,28804,1970858_1970909_1971717,00.html",Bjørn Lomborg,Danish author,"Born: January 6, 1965 (age 55 years), Frederiksberg, Denmark","Bjørn Lomborg is a Danish author and President of his think tank, Copenhagen Consensus Center. He is former director of the Danish government's Environmental Assessment Institute in Copenhagen. ","Frederiksberg, Denmark","January 6, 1965",55,his
98,Jong-Wook Lee ,PIONEERS,2004,"www.content.time.com/time/specials/packages/article/0,28804,1970858_1970909_1971720,00.html",Lee Jong-wook,South Korean doctor,"Born: April 12, 1945, Seoul, South Korea","Lee Jong-wook was a South Korean public health doctor. He was the director-general of the World Health Organization for three years. Lee joined the WHO in 1983, working on a variety of projects including the Global Programme for Vaccines and Immunizations and Stop Tuberculosis. ",,"April 12, 1945, Seoul, South",,He
99,Louise Arbor ,PIONEERS,2004,"www.content.time.com/time/specials/packages/article/0,28804,1970858_1970909_1971722,00.html",Louise Arbour,Canadian lawyer,"Born: February 10, 1947 (age 73 years), Montreal, Canada","Louise Arbour, CC GOQ is a Canadian lawyer, prosecutor and jurist. She is currently the Special Representative of the United Nations Secretary-General for International Migration. ","Montreal, Canada","February 10, 1947",73,She
